categoria,q0,q1,receita_2017,receita_2018,var_receita,efeito_preco,efeito_volume,efeito_mix
Beleza Saude,1822,5841,243521.7,755724.5,512202.8,-24961.7,345429.23,191735.27
Relogios Presentes,839,3628,201137.86,687855.2,486717.34,-181904.22,285308.85,383312.71
Esporte Lazer,1982,4436,216724.33,517166.26,300441.93,32106.16,307417.85,-39082.08
Informatica Acessorios,1658,4622,214631.27,496269.3,281638.03,-102057.44,304448.9,79246.56
Cama Mesa Banho,2558,5810,254444.82,532358.85,277914.03,-45563.12,360923.39,-37446.24
Utilidades Domesticas,1636,3969,127534.54,391823.46,264288.92,82419.68,180904.44,964.8
Automotivo,774,2580,125247.48,343288.3,218040.82,-74203.3,177660.31,114583.81
Moveis Decoracao,2181,4051,170858.58,381649.57,210790.99,64296.01,242358.47,-95863.5
Bebes,596,1731,67998.26,250615.79,182617.53,53124.2,96453.77,33039.56
Construcao Ferramentas Construcao,26,787,2581.49,122886.61,120305.12,44746.89,3661.78,71896.45
Telefonia,1081,2293,57472.64,174123.68,116651.04,52213.63,81523.45,-17086.04
Papelaria,383,1501,36724.96,132315.75,95590.79,-11611.57,52093.41,55108.96
Pet Shop,458,1146,49083.29,126849.64,77766.35,4034.25,69623.38,4108.73
Eletrodomesticos 2,47,148,10473.93,86902.86,76428.93,53921.12,14857,7650.81
Ferramentas Jardim,1042,1849,138051.15,212186.2,74135.05,-32781.72,195821.98,-88905.21
Eletronicos,371,1837,28973.43,99735.6,70762.17,-43725.83,41098.06,73389.94
Instrumentos Musicais,129,393,37051.41,105827.28,68775.87,-7050.27,52556.47,23269.68
Moveis Escritorio,481,870,74662.01,140578.35,65916.34,5534.8,105906.13,-45524.59
Perfumaria,828,1606,121953.36,174372,52418.64,-62170.39,172987.69,-58398.66
Casa Construcao,37,454,6721.45,57665.12,50943.67,-24808.89,9534.2,66218.36
Brinquedos,1059,1454,118449.64,168123.27,49673.63,5492.7,168017.75,-123836.82
Portateis Casa Forno E Cafe,2,70,93.8,45854.77,45760.97,42571.77,133.05,3056.15
Eletrodomesticos,177,519,13566.92,55760.75,42193.83,15979.78,19244.32,6969.72
Agro Industria E Comercio,22,145,4610.74,41386.9,36776.16,10997.93,6540.22,19238.01
Construcao Ferramentas Iluminacao,3,283,949,35903.52,34954.52,-53618.81,1346.13,87227.2
Fashion Bolsas E Acessorios,551,868,37140.77,69592.43,32451.66,11083.92,52683.22,-31315.48
Construcao Ferramentas Seguranca,2,143,387.9,30926.32,30538.42,3191.47,550.23,26796.72
Industria Comercio E Negocios,12,227,2356.63,29482.54,27125.91,-15097.04,3342.82,38880.14
Audio,71,195,7717.34,32960.94,25243.6,11765.43,10946.85,2531.32
Pcs,30,72,38148.99,62403.34,24254.35,-29154.24,54113.36,-704.77
Sem categoria,479,660,48687.16,70593.94,21906.78,3509.34,69061.48,-50664.03
Moveis Cozinha Area De Servico Jantar E Jardim,46,155,5399.26,27009.83,21610.57,8816.67,7658.71,5135.19
Cool Stuff,1262,1447,206306.37,227743.7,21437.33,-8805.68,292640.25,-262397.24
Eletroportateis,193,348,66022.9,85912.94,19890.04,-33133.53,93651.78,-40628.2
Telefonia Fixa,120,100,8217.4,27005.39,18787.99,20157.56,11656.17,-13025.74
Consoles Games,292,402,43698.35,61497.08,17798.73,1337.02,61984.98,-45523.27
Bebidas,12,279,997.73,16883.19,15885.46,-6314.03,1415.25,20784.24
Sinalizacao E Seguranca,18,153,1699.62,17066.24,15366.62,2619.47,2410.87,10336.28
Alimentos,58,379,5109.97,20304.87,15194.9,-13086.14,7248.36,21032.68
Livros Interesse Geral,126,308,11796.09,26856.15,15060.06,-1978.74,16732.45,306.35
Malas Acessorios,376,487,50692.62,63612.93,12920.31,-2044.8,71906.17,-56941.06
Moveis Sala,167,239,22545.82,33467.26,10921.44,1201.09,31980.66,-22260.31
Construcao Ferramentas Jardim,39,156,5585.99,16364.39,10778.4,-5979.57,7923.58,8834.39
Livros Tecnicos,20,219,2441.28,12940.01,10498.73,-13792.01,3462.89,20827.84
Construcao Ferramentas Ferramentas,3,81,1532.9,11816.66,10283.76,-29571.64,2174.38,37681.02
Artes,22,165,8053.5,14675.96,6622.46,-45725.29,11423.68,40924.07
Alimentos Bebidas,44,145,1199.6,7655.94,6456.34,3702.71,1701.6,1052.03
Climatizacao,85,155,18332.22,24705.06,6372.84,-8724.28,26003.78,-10906.66
Cine Foto,5,62,315,5979.47,5664.47,2073.47,446.82,3144.18
Artigos De Natal,7,89,377.69,5910.9,5533.21,1108.84,535.74,3888.63
Moveis Quarto,30,62,5527.13,10813.17,5286.04,-609.57,7840.09,-1944.49
Portateis Cozinha E Preparadores De Alimentos,0,14,0,3933.63,3933.63,0,0,3933.63
Livros Importados,4,43,179.99,3470.87,3290.88,1535.98,255.31,1499.59
Musica,10,27,1503.49,4475.96,2972.47,416.54,2132.66,423.27
Artigos De Festas,1,32,69.9,2621.79,2551.89,384.99,99.15,2067.75
Artes E Artesanato,2,22,151.89,1662.12,1510.23,-8.67,215.45,1303.45
Fraldas Higiene,0,34,0,1289.89,1289.89,0,0,1289.89
Flores,0,25,0,839.54,839.54,0,0,839.54
Moveis Colchao E Estofado,7,19,1324.08,1775.1,451.02,-1818.83,1878.17,391.68
Pc Gamer,4,4,519.96,786.99,267.03,267.03,737.55,-737.55
Fashion Roupa Infanto Juvenil,2,3,220,169.97,-50.03,-160.03,312.06,-202.06
Seguros E Servicos,1,0,183.29,0,-183.29,0,259.99,-443.28
La Cuisine,8,4,999.99,781,-218.99,281,1418.46,-1918.45
Fashion Underwear E Moda Praia,43,42,2694.45,2409.1,-285.35,-222.69,3822.01,-3884.67
Cds Dvds Musicais,8,1,360,65,-295,20,510.65,-825.65
Casa Conforto 2,11,10,493.08,151.09,-341.99,-297.16,699.42,-744.25
Fashion Calcados,123,70,8907.08,8296.97,-610.11,3227.9,12634.46,-16472.47
Casa Conforto,156,154,21445.47,20737.65,-707.82,-432.88,30419.84,-30694.79
Fashion Esporte,16,5,1160.72,369.5,-791.22,6.78,1646.45,-2444.45
Fashion Roupa Feminina,22,16,1547.7,616.66,-931.04,-508.94,2195.37,-2617.47
Dvds Blu Ray,26,25,2995.79,1132.71,-1863.08,-1747.86,4249.45,-4364.67
Fashion Roupa Masculina,57,26,4644.28,2301.87,-2342.41,183.43,6587.79,-9113.63
Tablets Impressao Imagem,45,22,5157.75,1267.96,-3889.79,-1253.61,7316.13,-9952.32
Market Place,135,107,15088.93,7565.57,-7523.36,-4393.8,21403.26,-24532.81
